{
    "$schema": "https://schema.management.azure.com/schemas/2019-04-01/deploymentTemplate.json#",
    "contentVersion": "1.0.0.0",
    "parameters": {
        "vaults_wahidai102_name": {
            "defaultValue": "wahidai102",
            "type": "String"
        },
        "accounts_wahid_ai_102_name": {
            "defaultValue": "wahid-ai-102",
            "type": "String"
        }
    },
    "variables": {},
    "resources": [
        {
            "type": "Microsoft.CognitiveServices/accounts",
            "apiVersion": "2023-10-01-preview",
            "name": "[parameters('accounts_wahid_ai_102_name')]",
            "location": "eastus",
            "sku": {
                "name": "S0"
            },
            "kind": "CognitiveServices",
            "identity": {
                "type": "None"
            },
            "properties": {
                "apiProperties": {},
                "customSubDomainName": "[parameters('accounts_wahid_ai_102_name')]",
                "networkAcls": {
                    "defaultAction": "Allow",
                    "virtualNetworkRules": [],
                    "ipRules": []
                },
                "publicNetworkAccess": "Enabled"
            }
        },
        {
            "type": "Microsoft.KeyVault/vaults",
            "apiVersion": "2023-07-01",
            "name": "[parameters('vaults_wahidai102_name')]",
            "location": "eastus",
            "properties": {
                "sku": {
                    "family": "A",
                    "name": "Standard"
                },
                "tenantId": "6285584b-3029-4758-8437-5436a3bbe2e1",
                "accessPolicies": [
                    {
                        "tenantId": "6285584b-3029-4758-8437-5436a3bbe2e1",
                        "objectId": "fb3207b9-56a0-4845-a440-3c6df30c1e72",
                        "permissions": {
                            "keys": [
                                "Get",
                                "List",
                                "Update",
                                "Create",
                                "Import",
                                "Delete",
                                "Recover",
                                "Backup",
                                "Restore",
                                "GetRotationPolicy",
                                "SetRotationPolicy",
                                "Rotate"
                            ],
                            "secrets": [
                                "Get",
                                "List",
                                "Set",
                                "Delete",
                                "Recover",
                                "Backup",
                                "Restore"
                            ],
                            "certificates": [
                                "Get",
                                "List",
                                "Update",
                                "Create",
                                "Import",
                                "Delete",
                                "Recover",
                                "Backup",
                                "Restore",
                                "ManageContacts",
                                "ManageIssuers",
                                "GetIssuers",
                                "ListIssuers",
                                "SetIssuers",
                                "DeleteIssuers"
                            ]
                        }
                    },
                    {
                        "tenantId": "6285584b-3029-4758-8437-5436a3bbe2e1",
                        "objectId": "d094a35a-705b-4330-992c-9d1d56f3db36",
                        "permissions": {
                            "secrets": [
                                "get",
                                "list"
                            ]
                        }
                    }
                ],
                "enabledForDeployment": false,
                "enabledForDiskEncryption": false,
                "enabledForTemplateDeployment": false,
                "enableSoftDelete": true,
                "softDeleteRetentionInDays": 90,
                "enableRbacAuthorization": false,
                "vaultUri": "[concat('https://', parameters('vaults_wahidai102_name'), '.vault.azure.net/')]",
                "provisioningState": "Succeeded",
                "publicNetworkAccess": "Enabled"
            }
        },
        {
            "type": "Microsoft.KeyVault/vaults/secrets",
            "apiVersion": "2023-07-01",
            "name": "[concat(parameters('vaults_wahidai102_name'), '/AI-Services-Key')]",
            "location": "eastus",
            "dependsOn": [
                "[resourceId('Microsoft.KeyVault/vaults', parameters('vaults_wahidai102_name'))]"
            ],
            "properties": {
                "attributes": {
                    "enabled": true
                }
            }
        }
    ]
}