{
    "$schema": "https://schema.management.azure.com/schemas/2019-04-01/deploymentTemplate.json#",
    "contentVersion": "1.0.0.0",
    "parameters": {
        "accounts_waai102usecontainers_name": {
            "defaultValue": "waai102usecontainers",
            "type": "String"
        },
        "containerGroups_waai102usecontainers_name": {
            "defaultValue": "waai102usecontainers",
            "type": "String"
        }
    },
    "variables": {},
    "resources": [
        {
            "type": "Microsoft.CognitiveServices/accounts",
            "apiVersion": "2023-10-01-preview",
            "name": "[parameters('accounts_waai102usecontainers_name')]",
            "location": "eastus",
            "sku": {
                "name": "S0"
            },
            "kind": "CognitiveServices",
            "identity": {
                "type": "None"
            },
            "properties": {
                "apiProperties": {},
                "customSubDomainName": "[parameters('accounts_waai102usecontainers_name')]",
                "networkAcls": {
                    "defaultAction": "Allow",
                    "virtualNetworkRules": [],
                    "ipRules": []
                },
                "publicNetworkAccess": "Enabled"
            }
        },
        {
            "type": "Microsoft.ContainerInstance/containerGroups",
            "apiVersion": "2023-05-01",
            "name": "[parameters('containerGroups_waai102usecontainers_name')]",
            "location": "eastus",
            "properties": {
                "sku": "Standard",
                "containers": [
                    {
                        "name": "[parameters('containerGroups_waai102usecontainers_name')]",
                        "properties": {
                            "image": "mcr.microsoft.com/azure-cognitive-services/textanalytics/language:latest",
                            "ports": [
                                {
                                    "protocol": "TCP",
                                    "port": 5000
                                }
                            ],
                            "environmentVariables": [
                                {
                                    "name": "Eula",
                                    "value": "accept"
                                },
                                {
                                    "name": "ApiKey"
                                },
                                {
                                    "name": "Billing"
                                }
                            ],
                            "resources": {
                                "requests": {
                                    "memoryInGB": 12,
                                    "cpu": 1
                                }
                            }
                        }
                    }
                ],
                "initContainers": [],
                "restartPolicy": "OnFailure",
                "ipAddress": {
                    "ports": [
                        {
                            "protocol": "TCP",
                            "port": 5000
                        }
                    ],
                    "ip": "172.212.26.171",
                    "type": "Public",
                    "dnsNameLabel": "[parameters('containerGroups_waai102usecontainers_name')]",
                    "autoGeneratedDomainNameLabelScope": "TenantReuse"
                },
                "osType": "Linux"
            }
        }
    ]
}